<?xml version="1.0" encoding="utf-8"?>
<items>
<item><desc>
						Тип - УШМ </desc><price><value>

			</value><value>

			</value><value>

			</value><value>
		</value></price><img>http://www.instrument.in.ua/images/product/41684m.jpg</img><title><value>
							


	</value><value>


						</value><value>
							Угловая шлифмашина в кейсе Kress 1400 WSXE/1						</value></title></item>
<item><desc>
						Тип - УШМ </desc><price><value>

			</value><value>

			</value><value>

			</value><value>
		</value></price><img>http://www.instrument.in.ua/images/product/54968m.jpg</img><title><value>
							


	</value><value>


						</value><value>
							Угловая шлифмашина Дніпро-М GL-125S						</value></title></item>
<item><desc>
						Тип - УШМ </desc><price><value>

			</value><value>

			</value><value>

			</value><value>
		</value></price><img>http://www.instrument.in.ua/images/product/21544m.jpg</img><title><value>
							


	</value><value>


						</value><value>
							Угловая шлифмашина Энергомаш УШМ-9012Д						</value></title></item>
<item><desc>
						Тип - УШМ </desc><price><value>

			</value><value>

			</value><value>

			</value><value>
		</value></price><img>http://www.instrument.in.ua/images/product/21551m.jpg</img><title><value>
							


	</value><value>


						</value><value>
							Угловая шлифмашина Энергомаш УШМ-9012В 125мм, 1200 Вт						</value></title></item>
<item><desc>
						Тип - УШМ </desc><price><value>

			</value><value>

			</value><value>

			</value><value>
		</value></price><img>http://www.instrument.in.ua/images/product/23962m.jpg</img><title><value>
							


	</value><value>


						</value><value>
							Угловая шлифмашина РОСТЕХ УШМ 15-180						</value></title></item>
<item><desc>
						Тип - УШМ </desc><price><value>

			</value><value>

			</value><value>

			</value><value>
		</value></price><img>http://www.instrument.in.ua/images/product/54963m.jpg</img><title><value>
							


	</value><value>


						</value><value>
							Угловая шлифмашина Дніпро-М GS-98						</value></title></item>
<item><desc>
						Тип - Насадка на УШМ </desc><price><value>
			467 </value><value>
		</value></price><img>http://www.instrument.in.ua/images/product/52310m.jpg</img><title><value>
							


	</value><value>


						</value><value>
							Защитный кожух для болгарки с пылеотводом DISTAR Mechanic Air Duster под 125 мм						</value></title></item>
<item><desc>
						Тип - УШМ </desc><price><value>
			516 </value><value>
		</value></price><img>http://www.instrument.in.ua/images/product/49397m.jpg</img><title><value>
							


	</value><value>


						</value><value>
							Угловая шлифмашина Forte EG 8-125						</value></title></item>
<item><desc>
						Тип - Насадка на УШМ </desc><price><value>
			524 </value><value>
		</value></price><img>http://www.instrument.in.ua/images/product/51274m.jpg</img><title><value>
							


	</value><value>


						</value><value>
							Насадка на УШМ DISTAR Slider MECHANIC 90						</value></title></item>
<item><desc>
						Тип - УШМ </desc><price><value>
			531 </value><value>
		</value></price><img>http://www.instrument.in.ua/images/product/56621m.jpg</img><title><value>
							


	</value><value>


						</value><value>
							Угловая шлифмашина СТАЛЬ инструмент КШМ 8-125						</value></title></item>
<item><desc>
						Тип - УШМ </desc><price><value>
			540 </value><value>
		</value></price><img>http://www.instrument.in.ua/images/product/49348m.jpg</img><title><value>
							


	</value><value>


						</value><value>
							Угловая шлифмашина Forte EG 7-125						</value></title></item>
<item><desc>
						Тип - Стойка для УШМ </desc><price><value>
			564 </value><value>
		</value></price><img>http://www.instrument.in.ua/images/product/55744m.jpg</img><title><value>
							


	</value><value>


						</value><value>
							Стойка под угловую шлифмашину Дніпро-М AGS-125						</value></title></item>
<item><desc>
						Тип - Насадка на УШМ </desc><price><value>
			625 </value><value>
		</value></price><img>http://www.instrument.in.ua/images/product/52311m.jpg</img><title><value>
							


	</value><value>


						</value><value>
							Защитный кожух для болгарки с пылеотводом DISTAR Mechanic Air Duster под 230 мм						</value></title></item>
<item><desc>
						Тип - УШМ </desc><price><value>
			645 </value><value>
		</value></price><img>http://www.instrument.in.ua/images/product/51470m.jpg</img><title><value>
							


	</value><value>


						</value><value>
							Угловая шлифмашина СТАЛЬ инструмент КШМ 7-125						</value></title></item>
<item><desc>
						Тип - УШМ </desc><price><value>
			703 </value><value>
		</value></price><img>http://www.instrument.in.ua/images/product/51546m.jpg</img><title><value>
							


	</value><value>


						</value><value>
							Угловая шлифмашина СТАЛЬ инструмент КШМ 9-125						</value></title></item>
<item><desc>
						Тип - УШМ </desc><price><value>
			725 </value><value>
		</value></price><img>http://www.instrument.in.ua/images/product/21556m.jpg</img><title><value>
							


	</value><value>


						</value><value>
							Угловая шлифмашина Энергомаш УШМ-90111						</value></title></item>
<item><desc>
						Тип - УШМ </desc><price><value>
			726 </value><value>
		</value></price><img>http://www.instrument.in.ua/images/product/1411m.jpg</img><title><value>
							


	</value><value>


						</value><value>
							Угловая шлифмашина Энергомаш 90125Р						</value></title></item>
<item><desc>
						Тип - Насадка на УШМ </desc><price><value>
			726 </value><value>
		</value></price><img>http://www.instrument.in.ua/images/product/52369m.jpg</img><title><value>
							


	</value><value>


						</value><value>
							Насадка на УШМ DISTAR Slider MECHANIC 45						</value></title></item>
<item><desc>
						Тип - УШМ </desc><price><value>
			728 </value><value>
		</value></price><img>http://www.instrument.in.ua/images/product/33226m.jpg</img><title><value>
							


	</value><value>


						</value><value>
							Угловая шлифмашина VITALS Ls 1272HL						</value></title></item>
<item><desc>
						Тип - Стойка для УШМ </desc><price><value>
			729 </value><value>
		</value></price><img>http://www.instrument.in.ua/images/product/49567m.jpg</img><title><value>
							


	</value><value>


						</value><value>
							Стойка под угловую шлифмашину Forte AGS 230						</value></title></item>
<item><desc>
						Тип - Стойка для УШМ </desc><price><value>
			739 </value><value>
		</value></price><img>http://www.instrument.in.ua/images/product/33681m.jpg</img><title><value>
							


	</value><value>


						</value><value>
							Стойка под угловую шлифмашину InterTool ST-0003, 180-230 мм						</value></title></item>
<item><desc>
						Тип - УШМ </desc><price><value>
			769 </value><value>
		</value></price><img>http://www.instrument.in.ua/images/product/49362m.jpg</img><title><value>
							


	</value><value>


						</value><value>
							Угловая шлифмашина Forte EG 11-125						</value></title></item>
<item><desc>
						Тип - УШМ </desc><price><value>
			780 </value><value>
		</value></price><img>http://www.instrument.in.ua/images/product/49408m.jpg</img><title><value>
							


	</value><value>


						</value><value>
							Угловая шлифмашина Forte EG 13-125 VL						</value></title></item>
<item><desc>
						Тип - УШМ </desc><price><value>
			785 </value><value>
		</value></price><img>http://www.instrument.in.ua/images/product/49391m.jpg</img><title><value>
							


	</value><value>


						</value><value>
							Угловая шлифмашина Forte EG 10-125						</value></title></item>
<item><desc>
						Тип - УШМ </desc><price><value>
			810 </value><value>
		</value></price><img>http://www.instrument.in.ua/images/product/21568m.jpg</img><title><value>
							


	</value><value>


						</value><value>
							Угловая шлифмашина Энергомаш УШМ-90125 125мм,  920 Вт						</value></title></item>
<item><desc>
						Тип - Стойка для УШМ </desc><price><value>
			819 </value><value>
		</value></price><img>http://www.instrument.in.ua/images/product/55740m.jpg</img><title><value>
							


	</value><value>


						</value><value>
							Стойка под угловую шлифмашину Дніпро-М AGS-230						</value></title></item>
<item><desc>
						Тип - УШМ </desc><price><value>
			848 </value><value>
		</value></price><img>http://www.instrument.in.ua/images/product/49412m.jpg</img><title><value>
							


	</value><value>


						</value><value>
							Угловая шлифмашина Forte EG 10-125 V						</value></title></item>
<item><desc>
						Тип - УШМ </desc><price><value>
			860 </value><value>
		</value></price><img>http://www.instrument.in.ua/images/product/33232m.jpg</img><title><value>
							


	</value><value>


						</value><value>
							Угловая шлифмашина VITALS Ls 1286HLv						</value></title></item>
<item><desc>
						Тип - Шаблон для сверления </desc><price><value>
			870 </value><value>
		</value></price><img>http://www.instrument.in.ua/images/product/53714m.jpg</img><title><value>
							


	</value><value>


						</value><value>
							Направляющий коллектор для сверления подрозетников DISTAR FixDUSTER 82 x3						</value></title></item>
<item><desc>
						Тип - УШМ </desc><price><value>
			890 </value><value>
		</value></price><img>http://www.instrument.in.ua/images/product/21562m.jpg</img><title><value>
							


	</value><value>


						</value><value>
							Угловая шлифмашина 125мм, 1100 Вт Энергомаш УШМ-90125М						</value></title></item>
<item><desc>
						Тип - УШМ </desc><price><value>
			906 </value><value>
		</value></price><img>http://www.instrument.in.ua/images/product/51215m.jpg</img><title><value>
							


	</value><value>


						</value><value>
							Угловая шлифмашина Дніпро-М МШК-1250						</value></title></item>
<item><desc>
						Тип - УШМ </desc><price><value>
			910 </value><value>
		</value></price><img>http://www.instrument.in.ua/images/product/54917m.jpg</img><title><value>
							


	</value><value>


						</value><value>
							Угловая шлифмашина Sturm! AG9012TE						</value></title></item>
<item><desc>
						Тип - УШМ </desc><price><value>
			920 </value><value>
		</value></price><img>http://www.instrument.in.ua/images/product/46709m.jpg</img><title><value>
							


	</value><value>


						</value><value>
							Угловая шлифмашина Sturm! AG9012ML						</value></title></item>
<item><desc>
						Тип - УШМ </desc><price><value>
			960 </value><value>
		</value></price><img>http://www.instrument.in.ua/images/product/49356m.jpg</img><title><value>
							


	</value><value>


						</value><value>
							Угловая шлифмашина Forte EG 16-180 N						</value></title></item>
<item><desc>
						Тип - УШМ </desc><price><value>
			995 </value><value>
		</value></price><img>http://www.instrument.in.ua/images/product/49402m.jpg</img><title><value>
							


	</value><value>


						</value><value>
							Угловая шлифмашина Forte EG 14-125 L						</value></title></item>
<item><desc>
						Тип - Насадка на УШМ </desc><price><value>
			995 </value><value>
		</value></price><img>http://www.instrument.in.ua/images/product/53713m.jpg</img><title><value>
							


	</value><value>


						</value><value>
							Аэродинамическая насадка-штроборез 125мм DISTAR AirCHASER 125						</value></title></item>
<item><desc>
						Тип - УШМ </desc><price><value>
			1080 </value><value>
		</value></price><img>http://www.instrument.in.ua/images/product/50790m.jpg</img><title><value>
							


	</value><value>


						</value><value>
							Угловая шлифмашинка Дніпро-М МШК-950						</value></title></item>
<item><desc>
						Тип - УШМ </desc><price><value>
			1152 </value><value>
		</value></price><img>http://www.instrument.in.ua/images/product/7275m.jpg</img><title><value>
							


	</value><value>


						</value><value>
							Угловая шлифмашина Forte EG 24-230 SN						</value></title></item>
<item><desc>
						Тип - УШМ </desc><price><value>
			1152 </value><value>
		</value></price><img>http://www.instrument.in.ua/images/product/46935m.jpg</img><title><value>
							


	</value><value>


						</value><value>
							Угловая шлифмашина VITALS Ls 1512HL						</value></title></item>
<item><desc>
						Тип - УШМ </desc><price><value>
			1155 </value><value>
		</value></price><img>http://www.instrument.in.ua/images/product/21499m.jpg</img><title><value>
							


	</value><value>


						</value><value>
							Угловая шлифмашина "профи" 125мм, 1000 Вт Энергомаш УШМ-9012П						</value></title></item>
<item><desc>
						Тип - УШМ </desc><price><value>
			1220 </value><value>
		</value></price><img>http://www.instrument.in.ua/images/product/55690m.jpg</img><title><value>
							


	</value><value>


						</value><value>
							Угловая шлифмашина Дніпро-М GL-145S						</value></title></item>
<item><desc>
						Тип - УШМ </desc><price><value>
			1225 </value><value>
		</value></price><img>http://www.instrument.in.ua/images/product/29378m.jpg</img><title><value>
							


	</value><value>


						</value><value>
							Болгарка Машина углошлифовальная "профи"   125мм, 1000 Вт Энергомаш УШМ-9513П						</value></title></item>
<item><desc>
						Тип - УШМ </desc><price><value>
			1230 </value><value>
		</value></price><img>http://www.instrument.in.ua/images/product/51857m.jpg</img><title><value>
							


	</value><value>


						</value><value>
							Угловая шлифмашина Дніпро-М МШК-1600Р						</value></title></item>
<item><desc>
						Тип - УШМ </desc><price><value>
			1280 </value><value>
		</value></price><img>http://www.instrument.in.ua/images/product/42145m.jpg</img><title><value>
							


	</value><value>


						</value><value>
							Угловая шлифмашина Kress 710 WS						</value></title></item>
<item><desc>
						Тип - УШМ </desc><price><value>
			1285 </value><value>
		</value></price><img>http://www.instrument.in.ua/images/product/21578m.jpg</img><title><value>
							


	</value><value>


						</value><value>
							Угловая шлифмашина Sturm! AG9512P						</value></title></item>
<item><desc>
						Тип - УШМ </desc><price><value>
			1300 </value><value>
		</value></price><img>http://www.instrument.in.ua/images/product/56330m.jpg</img><title><value>
							


	</value><value>


						</value><value>
							Угловая шлифмашина Дніпро-М GS-120						</value></title></item>
<item><desc>
						Тип - УШМ </desc><price><value>
			1426 </value><value>
		</value></price><img>http://www.instrument.in.ua/images/product/46929m.jpg</img><title><value>
							


	</value><value>


						</value><value>
							Угловая шлифмашина VITALS Ls 1814HLv						</value></title></item>
<item><desc>
						Тип - УШМ </desc><price><value>
			1499 </value><value>
		</value></price><img>http://www.instrument.in.ua/images/product/21613m.jpg</img><title><value>
							


	</value><value>


						</value><value>
							Угловая шлифмашина Makita GA5030						</value></title></item>
<item><desc>
						Тип - УШМ </desc><price><value>
			1539 </value><value>
		</value></price><img>http://www.instrument.in.ua/images/product/1415m.jpg</img><title><value>
							


	</value><value>


						</value><value>
							Угловая шлифмашина "профи" Энергомаш УШМ-9015П						</value></title></item>
<item><desc>
						Тип - УШМ </desc><price><value>
			1585 </value><value>
		</value></price><img>http://www.instrument.in.ua/images/product/51548m.jpg</img><title><value>
							


	</value><value>


						</value><value>
							Угловая шлифмашина СТАЛЬ инструмент КШМ 22-230						</value></title></item>
<item><desc>
						Тип - УШМ </desc><price><value>
			1750 </value><value>
		</value></price><img>http://www.instrument.in.ua/images/product/56323m.jpg</img><title><value>
							


	</value><value>


						</value><value>
							Угловая шлифмашина Дніпро-М GS-140SE						</value></title></item>
<item><desc>
						Тип - УШМ </desc><price><value>
			1860 </value><value>
		</value></price><img>http://www.instrument.in.ua/images/product/56353m.jpg</img><title><value>
							


	</value><value>


						</value><value>
							Угловая шлифмашина Дніпро-М GL-190S						</value></title></item>
<item><desc>
						Тип - УШМ </desc><price><value>
			1974 </value><value>
		</value></price><img>http://www.instrument.in.ua/images/product/45854m.jpg</img><title><value>
							


	</value><value>


						</value><value>
							Угловая шлифмашина VITALS Ls 2320HL						</value></title></item>
<item><desc>
						Тип - УШМ </desc><price><value>
			2120 </value><value>
		</value></price><img>http://www.instrument.in.ua/images/product/21509m.jpg</img><title><value>
							


	</value><value>


						</value><value>
							Угловая шлифмашина Sturm! AG9524P						</value></title></item>
<item><desc>
						Тип - УШМ </desc><price><value>
			2262 </value><value>
		</value></price><img>http://www.instrument.in.ua/images/product/56364m.jpg</img><title><value>
							


	</value><value>


						</value><value>
							Угловая шлифмашина Дніпро-М GL-230						</value></title></item>
<item><desc>
						Тип - УШМ </desc><price><value>
			2340 </value><value>
		</value></price><img>http://www.instrument.in.ua/images/product/55224m.jpg</img><title><value>
							


	</value><value>


						</value><value>
							Угловая шлифмашина Sturm! AG9527P						</value></title></item>
<item><desc>
						Тип - УШМ </desc><price><value>
			2370 </value><value>
		</value></price><img>http://www.instrument.in.ua/images/product/54976m.jpg</img><title><value>
							


	</value><value>


						</value><value>
							Угловая шлифмашина Дніпро-М GL-270						</value></title></item>
<item><desc>
						Тип - УШМ </desc><price><value>
			2425 </value><value>
		</value></price><img>http://www.instrument.in.ua/images/product/21605m.jpg</img><title><value>
							


	</value><value>


						</value><value>
							Угловая шлифмашина Makita 9558 HNG						</value></title></item>
<item><desc>
						Тип - УШМ </desc><price><value>
			3329 </value><value>
		</value></price><img>http://www.instrument.in.ua/images/product/21961m.jpg</img><title><value>
							


	</value><value>


						</value><value>
							Угловая  шлифмашина Makita GA9020						</value></title></item>
<item><desc>
						Тип - УШМ </desc><price><value>
			3650 </value><value>
		</value></price><img>http://www.instrument.in.ua/images/product/21969m.jpg</img><title><value>
							


	</value><value>


						</value><value>
							Угловая шлифмашина Makita GA9020SF						</value></title></item>
<item><desc>
						Тип - УШМ </desc><price><value>
			4111 </value><value>
		</value></price><img>http://www.instrument.in.ua/images/product/11027m.jpg</img><title><value>
							


	</value><value>


						</value><value>
							Угловая шлифмашина Makita 9565CVR						</value></title></item>
<item><desc>
						Тип - УШМ </desc><price><value>
			300 </value><value>
		</value></price><img>http://www.instrument.in.ua/images/product/39366m.jpg</img><title><value>
							


	</value><value>


						</value><value>
							Угловая шлифмашина СТАЛЬ инструмент СШМУ 6-125						</value></title></item>
<item><desc>
						Тип - Стойка для УШМ </desc><price><value>
			504 </value><value>
		</value></price><img>http://www.instrument.in.ua/images/product/37624m.jpg</img><title><value>
							


	</value><value>


						</value><value>
							Стойка под угловую шлифмашину VITALS SLs 125J						</value></title></item>
<item><desc>
						Тип - Стойка для УШМ </desc><price><value>
			539 </value><value>
		</value></price><img>http://www.instrument.in.ua/images/product/51310m.jpg</img><title><value>
							


	</value><value>


						</value><value>
							Стойка под угловую шлифмашину Forte AGS 125						</value></title></item>
<item><desc>
						Тип - Стойка для УШМ </desc><price><value>
			549 </value><value>
		</value></price><img>http://www.instrument.in.ua/images/product/13964m.jpg</img><title><value>
							


	</value><value>


						</value><value>
							Стойка под угловую шлифмашину InterTool ST-0002, 115-125 мм						</value></title></item>
<item><desc>
						Тип - УШМ </desc><price><value>
			565 </value><value>
		</value></price><img>http://www.instrument.in.ua/images/product/54923m.jpg</img><title><value>
							


	</value><value>


						</value><value>
							Угловая шлифмашина Sturm! AG9511						</value></title></item>
<item><desc>
						Тип - Стойка для УШМ </desc><price><value>
			644 </value><value>
		</value></price><img>http://www.instrument.in.ua/images/product/37625m.jpg</img><title><value>
							


	</value><value>


						</value><value>
							Стойка под угловую шлифмашину VITALS SLs 230J						</value></title></item>
<item><desc>
						Тип - УШМ </desc><price><value>
			725 </value><value>
		</value></price><img>http://www.instrument.in.ua/images/product/55212m.jpg</img><title><value>
							


	</value><value>


						</value><value>
							Угловая шлифмашина Sturm! AG9512						</value></title></item>
<item><desc>
						Тип - УШМ </desc><price><value>
			730 </value><value>
		</value></price><img>http://www.instrument.in.ua/images/product/52852m.jpg</img><title><value>
							


	</value><value>


						</value><value>
							Угловая шлифмашина Sturm! AG9012T						</value></title></item>
<item><desc>
						Тип - УШМ </desc><price><value>
			759 </value><value>
		</value></price><img>http://www.instrument.in.ua/images/product/52958m.jpg</img><title><value>
							


	</value><value>


						</value><value>
							Угловая шлифмашина Forte EG 9-125						</value></title></item>
<item><desc>
						Тип - УШМ </desc><price><value>
			815 </value><value>
		</value></price><img>http://www.instrument.in.ua/images/product/55218m.jpg</img><title><value>
							


	</value><value>


						</value><value>
							Угловая шлифмашина Sturm! AG9512E						</value></title></item>
<item><desc>
						Тип - УШМ </desc><price><value>
			821 </value><value>
		</value></price><img>http://www.instrument.in.ua/images/product/52959m.jpg</img><title><value>
							


	</value><value>


						</value><value>
							Угловая шлифмашина Forte EG 9-125V						</value></title></item>
<item><desc>
						Тип - УШМ </desc><price><value>
			840 </value><value>
		</value></price><img>http://www.instrument.in.ua/images/product/47924m.jpg</img><title><value>
							


	</value><value>


						</value><value>
							Угловая шлифмашина Энергомаш УШМ-90125К						</value></title></item>
<item><desc>
						Тип - УШМ </desc><price><value>
			855 </value><value>
		</value></price><img>http://www.instrument.in.ua/images/product/54916m.jpg</img><title><value>
							


	</value><value>


						</value><value>
							Угловая шлифмашина Sturm! AG9012M						</value></title></item>
<item><desc>
						Тип - УШМ </desc><price><value>
			855 </value><value>
		</value></price><img>http://www.instrument.in.ua/images/product/46718m.jpg</img><title><value>
							


	</value><value>


						</value><value>
							Угловая шлифмашина Энергомаш УШМ-90112						</value></title></item>
<item><desc>
						Тип - УШМ </desc><price><value>
			870 </value><value>
		</value></price><img>http://www.instrument.in.ua/images/product/54512m.jpg</img><title><value>
							


	</value><value>


						</value><value>
							Угловая шлифмашина Дніпро-М GL-115						</value></title></item>
<item><desc>
						Тип - УШМ </desc><price><value>
			936 </value><value>
		</value></price><img>http://www.instrument.in.ua/images/product/39367m.jpg</img><title><value>
							


	</value><value>


						</value><value>
							Угловая шлифмашина СТАЛЬ инструмент СШМУ 22-230 П						</value></title></item>
<item><desc>
						Тип - УШМ </desc><price><value>
			955 </value><value>
		</value></price><img>http://www.instrument.in.ua/images/product/55219m.jpg</img><title><value>
							


	</value><value>


						</value><value>
							Угловая шлифмашина Sturm! AG9512L						</value></title></item>
<item><desc>
						Тип - УШМ </desc><price><value>
			960 </value><value>
		</value></price><img>http://www.instrument.in.ua/images/product/54505m.jpg</img><title><value>
							


	</value><value>


						</value><value>
							Угловая шлифмашина Дніпро-М GL-115S						</value></title></item>
<item><desc>
						Тип - УШМ </desc><price><value>
			988 </value><value>
		</value></price><img>http://www.instrument.in.ua/images/product/54955m.jpg</img><title><value>
							


	</value><value>


						</value><value>
							Угловая шлифмашина VITALS Ls 12110BRvc Power+						</value></title></item>
<item><desc>
						Тип - УШМ </desc><price><value>
			1000 </value><value>
		</value></price><img>http://www.instrument.in.ua/images/product/47922m.jpg</img><title><value>
							


	</value><value>


						</value><value>
							Угловая шлифмашина Sturm! AG9514E						</value></title></item>
<item><desc>
						Тип - УШМ </desc><price><value>
			1030 </value><value>
		</value></price><img>http://www.instrument.in.ua/images/product/51595m.jpg</img><title><value>
							


	</value><value>


						</value><value>
							Угловая шлифмашина Фиолент МШУ2-9-125						</value></title></item>
<item><desc>
						Тип - УШМ </desc><price><value>
			1035 </value><value>
		</value></price><img>http://www.instrument.in.ua/images/product/12671m.jpg</img><title><value>
							


	</value><value>


						</value><value>
							Угловая шлифмашина Sturm! AG9512D						</value></title></item>
<item><desc>
						Тип - УШМ </desc><price><value>
			1069 </value><value>
		</value></price><img>http://www.instrument.in.ua/images/product/52960m.jpg</img><title><value>
							


	</value><value>


						</value><value>
							Угловая шлифмашина Forte EG 14-125VL						</value></title></item>
<item><desc>
						Тип - УШМ </desc><price><value>
			1088 </value><value>
		</value></price><img>http://www.instrument.in.ua/images/product/12670m.jpg</img><title><value>
							


	</value><value>


						</value><value>
							Угловая шлифмашина Sturm! AG9512V						</value></title></item>
<item><desc>
						Тип - УШМ </desc><price><value>
			1200 </value><value>
		</value></price><img>http://www.instrument.in.ua/images/product/46688m.jpg</img><title><value>
							


	</value><value>


						</value><value>
							Угловая шлифмашина Sturm! AG90121P						</value></title></item>
<item><desc>
						Тип - УШМ </desc><price><value>
			1218 </value><value>
		</value></price><img>http://www.instrument.in.ua/images/product/51605m.jpg</img><title><value>
							


	</value><value>


						</value><value>
							Угловая шлифмашина Фиолент МШУ2-9-125Э						</value></title></item>
<item><desc>
						Тип - УШМ </desc><price><value>
			1260 </value><value>
		</value></price><img>http://www.instrument.in.ua/images/product/56358m.jpg</img><title><value>
							


	</value><value>


						</value><value>
							Угловая шлифмашина Дніпро-М GL-150S						</value></title></item>
<item><desc>
						Тип - УШМ </desc><price><value>
			1286 </value><value>
		</value></price><img>http://www.instrument.in.ua/images/product/52961m.jpg</img><title><value>
							


	</value><value>


						</value><value>
							Угловая шлифмашина Forte EG 16-180						</value></title></item>
<item><desc>
						Тип - УШМ </desc><price><value>
			1342 </value><value>
		</value></price><img>http://www.instrument.in.ua/images/product/51601m.jpg</img><title><value>
							


	</value><value>


						</value><value>
							Угловая шлифмашина Фиолент МШУ3-11-150						</value></title></item>
</items>